id,label_en,label_ar,qac_lemmas,tokens,verses,verse_keys(V=verified)
moon,Moon,القمر,qamar,27,26,10:5(V) 36:39(V) 41:37(V)
sun,Sun,الشمس,$amos,33,32,91:1(V) 36:38(V) 10:5(V)
stars,Stars,النجوم والكواكب,n~ajom|kawokab,18,18,6:97(V) 16:16(V) 37:6(V)
night_day,Night & day (sunset),الليل والنهار,layol|nahaAr,141,83,3:190(V) 36:37(V) 25:62(V)
clouds,Clouds,السحاب,saHaAb,9,9,24:43(V) 2:164(V) 7:57(V)
rain_water,Rain / water from the sky,الماء النازل من السماء,maA^',63,60,50:9(V) 2:164(V) 16:10(V)
water_life,Water & life,الماء والحياة,maA^',63,60,21:30(V) 24:45(V)
lightning,Lightning & thunder,البرق والرعد,baroq|raEod,7,6,13:12(V) 13:13(V) 30:24(V)
wind,Wind,الرياح,riyH,29,28,2:164(V) 30:46(V) 45:5(V)
shadow,Shadow,الظل,Zil~,14,14,25:45(V) 16:81(V) 16:48(V)
mountain,Mountain,الجبل,jabal,39,37,88:19(V) 16:81(V) 7:143(V)
sea,Sea,البحر,baHor,41,39,16:14(V) 2:164(V) 45:12(V)
river,River,النهر,nahar,54,51,13:3(V) 14:32(V) 16:15(V)
stone,Stone / rock,الحجر,Hajar|HijaArap,12,11,2:74(V)
soil,Soil / dust,التراب,turaAb,17,17,30:20(V) 35:11(V)
iron,Iron (metal object),الحديد,Hadiyd,6,6,57:25(V) 34:10(V) 18:96(V)
ships,Ship / boat,الفلك والسفن,fulok|safiynap,27,26,2:164(V) 14:32(V) 17:66(V)
salt_fresh,Salt & fresh water,العذب والملح,miloH,2,2,25:53(V) 35:12(V)
pearl_coral,Pearls & coral,اللؤلؤ والمرجان,lu&olu&|marojaAn,8,7,55:22(V) 52:24(V)
date_palm,Date palm / dates,النخل والتمر,naxol|n~axiyl|n~axolap|ruTab,21,20,19:25(V) 6:99(V) 50:10(V)
olive,Olive / olive oil,الزيتون والزيت,z~ayotuwn|zayotuwnap|zayot,7,6,95:1(V) 24:35(V) 6:141(V)
fig,Fig,التين,t~iyn,1,1,95:1(V)
pomegranate,Pomegranate,الرمان,r~um~aAn,3,3,6:99(V) 6:141(V) 55:68(V)
grapes,Grapes,العنب,Einab,11,11,6:99(V) 16:11(V) 80:28(V)
tree_leaf,Tree / leaf,الشجر والورق,$ajarap|$ajar|waraqap,27,26,6:59(V) 36:80(V) 14:24(V)
grain,Grain / seed / wheat ear,الحب والسنبلة,Hab~|Hab~ap,12,11,6:95(V) 2:261(V) 6:59(V)
milk,Milk,اللبن,l~aban,2,2,16:66(V) 47:15(V)
honey_bee,Bee & honey,النحل والعسل,n~aHol|Easal,2,2,16:68(V) 16:69(Vc) 47:15(V)
onion_garlic,"Onion, garlic, lentils",البصل والفوم والعدس,baSal|fuwm|Eadas,3,1,2:61(V)
ant,Ant,النمل,n~amol|namolap,3,1,27:18(V)
spider,Spider / web,العنكبوت,Eankabuwt,2,1,29:41(V)
birds,Birds,الطير,Tayor,19,17,67:19(V) 16:79(V) 24:41(V)
camel,Camel,الإبل,<ibil|naAqap|baEiyr,11,11,88:17(V)
livestock,"Livestock (cattle, sheep)",الأنعام,n~aEam,33,31,16:5(V) 16:66(V) 16:80(V)
horse,Horse,الخيل,xayol,5,5,16:8(V) 3:14(V)
fish,Fish / whale,الحوت,Huwt,5,5,37:142(V) 18:61(V)
pen,Pen / writing,القلم,qalam,4,4,96:4(V) 68:1(V) 31:27(V)
lamp,Lamp / light,السراج والمصباح,siraAj|miSobaAH,8,7,25:61(V) 71:16(V) 24:35(V)
qibla,"Kaaba / qibla direction (compass, prayer mat)",القبلة,qibolap,7,5,2:144(V) 2:142(V)
time_asr,Time / clock (afternoon),العصر والوقت,EaSor,1,1,103:1(V)
